api_name,api_canon,best_fd_name,best_fd_canon,score,risk
Aston Villa FC,aston villa,Aston Villa,aston villa,1.0,ok
Brentford FC,brentford,Brentford,brentford,1.0,ok
Burnley FC,burnley,Burnley,burnley,1.0,ok
Leeds United FC,leeds united,Leeds,leeds,0.9417,ok
Manchester United FC,manchester united,Man United,man united,0.7407,ok
Nottingham Forest FC,nottingham forest,Nott'm Forest,nott m forest,0.8,ok
Tottenham Hotspur FC,tottenham hotspur,Tottenham,tottenham,0.9529,ok
West Ham United FC,west ham united,West Ham,west ham,0.9533,ok
Wolverhampton Wanderers FC,wolverhampton wanderers,Wolves,wolves,0.4138,low_score
