api_name,api_canon,best_fd_name,best_fd_canon,score,accepted
Aston Villa FC,aston villa,Aston Villa,aston villa,1.0,True
Burnley FC,burnley,Burnley,burnley,1.0,True
Crystal Palace FC,crystal palace,Crystal Palace,crystal palace,1.0,True
Everton FC,everton,Everton,everton,1.0,True
Fulham FC,fulham,Fulham,fulham,1.0,True
Leeds United FC,leeds united,Leeds,leeds,0.9125,True
Nottingham Forest FC,nottingham forest,Nott'm Forest,nott m forest,0.35,False
West Ham United FC,west ham united,West Ham,west ham,0.93,True
Wolverhampton Wanderers FC,wolverhampton wanderers,,,0.0,False
